epoch,train_loss,train_acc,val_loss,val_macro_f1,val_top1,val_bal_acc,val_ece,lr,train_time_s,epoch_time_s
1,1.8290064789748406,0.54,1.8656952603348487,0.18373245209709718,0.5,0.18189512757612622,0.08360355317034586,0.0001,53.78879321695668,60.86411224186409
2,1.5135168266264778,0.58,1.5543863582306858,0.33291150792211094,0.5,0.3295823928428898,0.07771853799124913,9.801911613998647e-05,54.29021540389616,64.2103228683318
3,1.2577146030349027,0.62,1.3201383613922568,0.4540354054308742,0.5,0.4494950513765654,0.07230406264571239,9.218859115620345e-05,54.9347630752778,62.7353305122401
4,1.0573390314742472,0.6599999999999999,1.1093680496204408,0.5523803002056633,0.5760303791031046,0.5468564972036066,0.06732250484590314,8.29807044485429e-05,54.15612226630509,63.24295479168743
5,0.851585399649928,0.7,0.9456599488692464,0.6322300947316744,0.6592989304888037,0.6259077937843576,0.0627392504160355,7.114142423664866e-05,51.34816589029874,60.26569339032254
6,0.6944830701288461,0.74,0.8035293096321652,0.6970630451400028,0.7269076938501645,0.6900924146886028,0.058522452777010674,5.762989859237788e-05,52.29883027783445,62.606896538232554
7,0.611950200830024,0.78,0.680414264047772,0.7497032740047062,0.7818017061415509,0.7422062412646591,0.05464281166160377,4.354075096729227e-05,50.42486043376923,61.39196065623005
8,0.5058629025061319,0.82,0.5813890921603179,0.7924437890896467,0.8263721499069671,0.7845193511987503,0.05107336952260737,3.001540031058902e-05,51.904796351741915,61.483370085949105
9,0.4023632676786639,0.86,0.4740402170575883,0.8271463667403095,0.8625605131641715,0.8188749030729064,0.04778932421928118,1.814959009411662e-05,55.79134793507912,60.988697987002155
10,0.35060536803817705,0.9,0.4326474967817868,0.8553226508399973,0.8919431606003979,0.8467694243315973,0.04476785668056626,8.904617692923108e-06,53.32459935088505,62.032447075623764
11,0.29462644076947353,0.94,0.35253143762218875,0.8782,0.9158,0.869418,0.04198797234758779,3.029455788985255e-06,52.362416260373465,62.31421034556551
12,0.27061100735687826,0.98,0.2788887237082685,0.8955749512865848,0.9341702350128152,0.886619201773719,0.039430355293715386,1.0000750588268953e-06,55.4890740320324,62.37903103854487
